{"ang":1.0471975511965976,"len":400,"weight":15,"x":346.41016151377545,"y":200.00000000000006,"startPos":600}