{"ang":0.46967982793372687,"len":100,"weight":30,"x":45.26008069101694,"y":89.17132440332281,"startPos":200}