{"ang":-0.3490658503988659,"len":500,"weight":5,"x":-171.01007166283435,"y":469.8463103929542,"startPos":800}