{"ang":-0.7749844929691647,"len":200,"weight":10,"x":-139.94099934269397,"y":142.8863768977579,"startPos":300}