{"ang":1.0155440866392722,"len":400,"weight":15,"x":339.9069987894776,"y":210.86306498277517,"startPos":600}