{"ang":-0.3490658503988659,"len":150,"weight":10,"x":-51.303021498850306,"y":140.95389311788625,"startPos":300}