{"ang":0.7853981633974483,"len":200,"weight":10,"x":141.42135623730948,"y":141.4213562373095,"startPos":300}