{"ang":0.24669691271022792,"len":500,"weight":5,"x":122.10110656699669,"y":484.8621657493137,"startPos":800}