{"ang":0.15990433711572685,"len":150,"weight":10,"x":23.883564731405677,"y":148.0863779546274,"startPos":300}