{"ang":0.5235987755982988,"len":100,"weight":30,"x":49.99999999999999,"y":86.60254037844388,"startPos":200}